   exact_match   |  identified  | article_count 
-----------------+--------------+---------------
 V600E           | rs113488022  |         15181
 T790M           | rs121434569  |          8768
 L858R           | rs121434568  |          6844
 G12D            | rs121913529  |          5548
 G93A            | rs121912438  |          5471
 BRAFV600E       | rs113488022  |          4455
 A53T            | rs104893877  |          4244
 P301L           | rs63751273   |          3474
 V617F           | rs77375493   |          3278
 C677T           | rs747946865  |          3256
 G12V            | rs121913529  |          3190
 V600E|BRAFV600E | rs113488022  |          3156
 Val66Met        | rs6265       |          3034
 G2019S          | rs34637584   |          2699
 P301S           | rs63751438   |          2490
 G12C            | rs121913530  |          2487
 rs429358        | rs429358     |          2334
 T315I           | rs121913459  |          2332
 rs7412          | rs7412       |          2064
 9A-C            | rs749601817  |          1867
 A30P            | rs104893878  |          1763
 E545K           | rs104886003  |          1647
 rs9939609       | rs9939609    |          1610
 Val158Met       | rs4680       |          1565
 E46K            | rs104893875  |          1475
 G551D           | rs75527207   |          1448
 R273H           | rs28934576   |          1412
 R175H           | rs28934578   |          1377
 C797S           | rs1057519861 |          1291
 L861Q           | rs121913444  |          1288
 rs7903146       | rs7903146    |          1192
 C282Y           | rs1800562    |          1183
 rs12979860      | rs12979860   |          1150
 E542K           | rs121913273  |          1077
 Pro12Ala        | rs1801282    |           993
 rs6983267       | rs6983267    |           988
 V717F           | rs63750264   |           965
 L265P           | rs879253942  |           956
 rs4680          | rs4680       |           943
 rs1800629       | rs1800629    |           896
 E280A           | rs63750231   |           886
 rs738409        | rs738409     |           880
 rs6265          | rs6265       |           864
 Y402H           | rs10801555   |           835
 rs2910164       | rs2910164    |           806
 C228T           | rs778311098  |           768
 V600K           | rs121913227  |           747
 rs1801133       | rs1801133    |           734
 I148M           | rs738409     |           726
 rs1544410       | rs1544410    |           719
 rs25531         | rs25531      |           709
 rs2228570       | rs2228570    |           709
 rs731236        | rs731236     |           699
 E17K            | rs121434592  |           696
 R248Q           | rs11540652   |           688
 rs1045642       | rs1045642    |           685
 L444P           | rs421016     |           676
 A3243G          | rs1207224494 |           669
 rs1800795       | rs1800795    |           668
 A118G           | rs1799971    |           655
 A315T           | rs80356726   |           641
 R406W           | rs63750424   |           632
 rs8099917       | rs8099917    |           626
 rs1800497       | rs1800497    |           615
 rs7975232       | rs7975232    |           615
 Q61H            | rs17851045   |           599
 1100delC        | rs555607708  |           598
 G51D            | rs431905511  |           590
 V82A            | rs760076162  |           585
 rs776746        | rs776746     |           576
 R248W           | rs121912651  |           575
 L166P           | rs63750265   |           569
 rs780094        | rs780094     |           568
 R249S           | rs28934571   |           556
 Asp299Gly       | rs4986790    |           551
 rs16944         | rs16944      |           548
 rs671           | rs671        |           547
 R47H            | rs528399704  |           537
 rs1260326       | rs1260326    |           535
 D842V           | rs121908585  |           534
 rs4244285       | rs4244285    |           533
 rs8050136       | rs8050136    |           525
 G12S            | rs121913237  |           519
 V600E/K         | rs113488022  |           515
 rs2736100       | rs2736100    |           502
 rs1800896       | rs1800896    |           498
 rs1801282       | rs1801282    |           496
 G1202R          | rs1057519783 |           495
 rs1057910       | rs1057910    |           490
 rs58542926      | rs58542926   |           488
 R620W           | rs2476601    |           480
 rs11614913      | rs11614913   |           475
 rs17782313      | rs17782313   |           475
 T1A             | rs1391649700 |           473
 A10A            | rs529144878  |           473
 F1174L          | rs863225281  |           473
 rs2032582       | rs2032582    |           472
 rs53576         | rs53576      |           471
 A226V           | rs1409228633 |           470
 I2020T          | rs35870237   |           466
(100 rows)

   exact_match   |  identified  | article_count 
-----------------+--------------+---------------
 V600E           | rs113488022  |         15181
 T790M           | rs121434569  |          8768
 L858R           | rs121434568  |          6844
 G12D            | rs121913529  |          5548
 G93A            | rs121912438  |          5471
 BRAFV600E       | rs113488022  |          4455
 A53T            | rs104893877  |          4244
 P301L           | rs63751273   |          3474
 V617F           | rs77375493   |          3278
 C677T           | rs747946865  |          3256
 G12V            | rs121913529  |          3190
 V600E|BRAFV600E | rs113488022  |          3156
 Val66Met        | rs6265       |          3034
 G2019S          | rs34637584   |          2699
 P301S           | rs63751438   |          2490
 G12C            | rs121913530  |          2487
 rs429358        | rs429358     |          2334
 T315I           | rs121913459  |          2332
 rs7412          | rs7412       |          2064
 9A-C            | rs749601817  |          1867
 A30P            | rs104893878  |          1763
 E545K           | rs104886003  |          1647
 rs9939609       | rs9939609    |          1610
 Val158Met       | rs4680       |          1565
 E46K            | rs104893875  |          1475
 G551D           | rs75527207   |          1448
 R273H           | rs28934576   |          1412
 R175H           | rs28934578   |          1377
 C797S           | rs1057519861 |          1291
 L861Q           | rs121913444  |          1288
 rs7903146       | rs7903146    |          1192
 C282Y           | rs1800562    |          1183
 rs12979860      | rs12979860   |          1150
 E542K           | rs121913273  |          1077
 Pro12Ala        | rs1801282    |           993
 rs6983267       | rs6983267    |           988
 V717F           | rs63750264   |           965
 L265P           | rs879253942  |           956
 rs4680          | rs4680       |           943
 rs1800629       | rs1800629    |           896
 E280A           | rs63750231   |           886
 rs738409        | rs738409     |           880
 rs6265          | rs6265       |           864
 Y402H           | rs10801555   |           835
 rs2910164       | rs2910164    |           806
 C228T           | rs778311098  |           768
 V600K           | rs121913227  |           747
 rs1801133       | rs1801133    |           734
 I148M           | rs738409     |           726
 rs1544410       | rs1544410    |           719
 rs25531         | rs25531      |           709
 rs2228570       | rs2228570    |           709
 rs731236        | rs731236     |           699
 E17K            | rs121434592  |           696
 R248Q           | rs11540652   |           688
 rs1045642       | rs1045642    |           685
 L444P           | rs421016     |           676
 A3243G          | rs1207224494 |           669
 rs1800795       | rs1800795    |           668
 A118G           | rs1799971    |           655
 A315T           | rs80356726   |           641
 R406W           | rs63750424   |           632
 rs8099917       | rs8099917    |           626
 rs1800497       | rs1800497    |           615
 rs7975232       | rs7975232    |           615
 Q61H            | rs17851045   |           599
 1100delC        | rs555607708  |           598
 G51D            | rs431905511  |           590
 V82A            | rs760076162  |           585
 rs776746        | rs776746     |           576
 R248W           | rs121912651  |           575
 L166P           | rs63750265   |           569
 rs780094        | rs780094     |           568
 R249S           | rs28934571   |           556
 Asp299Gly       | rs4986790    |           551
 rs16944         | rs16944      |           548
 rs671           | rs671        |           547
 R47H            | rs528399704  |           537
 rs1260326       | rs1260326    |           535
 D842V           | rs121908585  |           534
 rs4244285       | rs4244285    |           533
 rs8050136       | rs8050136    |           525
 G12S            | rs121913237  |           519
 V600E/K         | rs113488022  |           515
 rs2736100       | rs2736100    |           502
 rs1800896       | rs1800896    |           498
 rs1801282       | rs1801282    |           496
 G1202R          | rs1057519783 |           495
 rs1057910       | rs1057910    |           490
 rs58542926      | rs58542926   |           488
 R620W           | rs2476601    |           480
 rs11614913      | rs11614913   |           475
 rs17782313      | rs17782313   |           475
 T1A             | rs1391649700 |           473
 A10A            | rs529144878  |           473
 F1174L          | rs863225281  |           473
 rs2032582       | rs2032582    |           472
 rs53576         | rs53576      |           471
 A226V           | rs1409228633 |           470
 I2020T          | rs35870237   |           466
(100 rows)

 id |  ncbi_id  | hgnc_symbol 
----+-----------+-------------
  1 | 3497      | 
  2 | 140738    | 
  3 | 29126     | 
  4 | 100507436 | 
  5 | 7422      | 
  6 | 2589      | 
  7 | 474338    | 
  8 | 26523     | 
  9 | 1871      | 
 10 | 407033    | 
(10 rows)

   id    |  pm_id   | pmc_id 
---------+----------+--------
 9646642 | 3578595  | 
 9646645 | 23020595 | 
 9646646 | 30594595 | 
 9646647 | 9734595  | 
 9646650 | 10653595 | 
 9646651 | 9762595  | 
 9646654 | 3547595  | 
 9646655 | 21970595 | 
 9646660 | 18221595 | 
 9646662 | 29890595 | 
(10 rows)

